-- phpMyAdmin SQL Dump
-- version 5.2.0
-- https://www.phpmyadmin.net/
--
-- Servidor: 127.0.0.1
-- Tiempo de generación: 22-03-2023 a las 23:09:05
-- Versión del servidor: 10.4.27-MariaDB
-- Versión de PHP: 8.2.0

SET SQL_MODE = "NO_AUTO_VALUE_ON_ZERO";
START TRANSACTION;
SET time_zone = "+00:00";


/*!40101 SET @OLD_CHARACTER_SET_CLIENT=@@CHARACTER_SET_CLIENT */;
/*!40101 SET @OLD_CHARACTER_SET_RESULTS=@@CHARACTER_SET_RESULTS */;
/*!40101 SET @OLD_COLLATION_CONNECTION=@@COLLATION_CONNECTION */;
/*!40101 SET NAMES utf8mb4 */;

--
-- Base de datos: `bd_aprendomate`
--

-- --------------------------------------------------------

--
-- Estructura de tabla para la tabla `categoria`
--

CREATE TABLE `categoria` (
  `idcategoria` bigint(20) NOT NULL,
  `nombre` varchar(100) NOT NULL,
  `descripcion` text NOT NULL,
  `datecreated` datetime NOT NULL DEFAULT current_timestamp(),
  `status` int(11) NOT NULL DEFAULT 1
) ENGINE=InnoDB DEFAULT CHARSET=utf8mb4 COLLATE=utf8mb4_swedish_ci;

-- --------------------------------------------------------

--
-- Estructura de tabla para la tabla `modulo`
--

CREATE TABLE `modulo` (
  `idmodulo` bigint(20) NOT NULL,
  `titulo` varchar(50) NOT NULL,
  `descripcion` text NOT NULL,
  `status` int(11) NOT NULL DEFAULT 1
) ENGINE=InnoDB DEFAULT CHARSET=utf8mb4 COLLATE=utf8mb4_swedish_ci;

--
-- Volcado de datos para la tabla `modulo`
--

INSERT INTO `modulo` (`idmodulo`, `titulo`, `descripcion`, `status`) VALUES
(1, 'Dashboard', 'Dashboard', 1),
(2, 'Usuarios', 'Usuarios de AprendoMate', 1),
(3, 'Ejemplos', 'Ejemplos de cada capítulo', 1),
(4, 'Ejercicios', 'Ejercicios de cada capítulo', 1),
(5, 'Resultados', 'Resultados de ejercicios', 1);

-- --------------------------------------------------------

--
-- Estructura de tabla para la tabla `permisos`
--

CREATE TABLE `permisos` (
  `idpermiso` bigint(20) NOT NULL,
  `rolid` bigint(20) NOT NULL,
  `moduloid` bigint(20) NOT NULL,
  `r` int(11) NOT NULL DEFAULT 0,
  `w` int(11) NOT NULL DEFAULT 0,
  `u` int(11) NOT NULL DEFAULT 0,
  `d` int(11) NOT NULL DEFAULT 0
) ENGINE=InnoDB DEFAULT CHARSET=utf8mb4 COLLATE=utf8mb4_swedish_ci;

--
-- Volcado de datos para la tabla `permisos`
--

INSERT INTO `permisos` (`idpermiso`, `rolid`, `moduloid`, `r`, `w`, `u`, `d`) VALUES
(66, 1, 1, 1, 1, 1, 1),
(67, 1, 2, 1, 1, 1, 1),
(68, 1, 3, 1, 1, 1, 1),
(69, 1, 4, 1, 1, 1, 1),
(70, 1, 5, 1, 1, 1, 1),
(71, 2, 1, 1, 0, 0, 0),
(72, 2, 2, 1, 0, 0, 0),
(73, 2, 3, 1, 1, 1, 1),
(74, 2, 4, 1, 1, 1, 1),
(75, 2, 5, 1, 0, 0, 0),
(76, 3, 1, 0, 0, 0, 0),
(77, 3, 2, 0, 0, 0, 0),
(78, 3, 3, 1, 0, 0, 0),
(79, 3, 4, 1, 0, 0, 0),
(80, 3, 5, 1, 0, 0, 0);

-- --------------------------------------------------------

--
-- Estructura de tabla para la tabla `persona`
--

CREATE TABLE `persona` (
  `idpersona` bigint(20) NOT NULL,
  `identificacion` varchar(30) NOT NULL,
  `nombres` varchar(80) NOT NULL,
  `apellidos` varchar(100) NOT NULL,
  `telefono` bigint(20) NOT NULL,
  `email_user` varchar(100) NOT NULL,
  `password` varchar(75) NOT NULL,
  `nit` varchar(20) NOT NULL,
  `nombrefiscal` varchar(80) NOT NULL,
  `direccionfiscal` varchar(100) NOT NULL,
  `toke` varchar(80) NOT NULL,
  `rolid` bigint(20) NOT NULL,
  `datecreated` datetime NOT NULL DEFAULT current_timestamp(),
  `status` int(11) NOT NULL DEFAULT 1
) ENGINE=InnoDB DEFAULT CHARSET=utf8mb4 COLLATE=utf8mb4_swedish_ci;

--
-- Volcado de datos para la tabla `persona`
--

INSERT INTO `persona` (`idpersona`, `identificacion`, `nombres`, `apellidos`, `telefono`, `email_user`, `password`, `nit`, `nombrefiscal`, `direccionfiscal`, `toke`, `rolid`, `datecreated`, `status`) VALUES
(1, '7897987987', 'Abel', 'OSH', 78454121, 'abel@info.com', '8d969eef6ecad3c29a3a629280e686cf0c3f5d5a86aff3ca12020c923adc6c92', '', '', '', '', 1, '2020-08-13 00:51:44', 1),
(2, '7865421565', 'Julio', 'Hernández', 789465487, 'julio@info.com', '8d969eef6ecad3c29a3a629280e686cf0c3f5d5a86aff3ca12020c923adc6c92', '', '', '', '', 1, '2020-08-13 00:54:08', 1),
(3, '879846545454', 'Pablo', 'Arana', 784858856, 'pablo@info.com', '8d969eef6ecad3c29a3a629280e686cf0c3f5d5a86aff3ca12020c923adc6c92', '', '', '', '', 3, '2020-08-14 01:42:34', 2),
(4, '65465465', 'Jorge', 'Arana', 987846545, 'jorge@info.com', '5eab4465b7e8c1118332a2a413a03c7d1bfcae606fd3e8cba3ad8cbf1b076996', '', '', '', '', 3, '2020-08-22 00:27:17', 1),
(5, '4654654', 'Carme', 'Arana', 646545645, 'carmen@infom.com', 'be63ad947e82808780278e044bcd0267a6ac6b3cd1abdb107cc10b445a182eb0', '', '', '', '', 1, '2020-08-22 00:35:04', 1),
(6, '8465484', 'Alex', 'Méndez', 4654654545, 'alex@info.com', '608cfa9ffc1dac43e8710cb23bbcf1d5215beee7ca8632c6a4a5a63a56f59aeb', '', '', '', '', 2, '2020-08-22 00:48:50', 1);

-- --------------------------------------------------------

--
-- Estructura de tabla para la tabla `rol`
--

CREATE TABLE `rol` (
  `idrol` bigint(20) NOT NULL,
  `nombrerol` varchar(50) NOT NULL,
  `descripcion` text NOT NULL,
  `status` int(11) NOT NULL DEFAULT 1
) ENGINE=InnoDB DEFAULT CHARSET=utf8mb4 COLLATE=utf8mb4_swedish_ci;

--
-- Volcado de datos para la tabla `rol`
--

INSERT INTO `rol` (`idrol`, `nombrerol`, `descripcion`, `status`) VALUES
(1, 'Administrador', 'Administrador de AprendoMate', 1),
(2, 'Docentes', 'Docente de Matemáticas de 3ro Básico del JHZ', 1),
(3, 'Estudiantes', 'Estudiantes de 3ro Básico del JHZ', 1);

--
-- Índices para tablas volcadas
--

--
-- Indices de la tabla `categoria`
--
ALTER TABLE `categoria`
  ADD PRIMARY KEY (`idcategoria`);

--
-- Indices de la tabla `modulo`
--
ALTER TABLE `modulo`
  ADD PRIMARY KEY (`idmodulo`);

--
-- Indices de la tabla `permisos`
--
ALTER TABLE `permisos`
  ADD PRIMARY KEY (`idpermiso`),
  ADD KEY `rolid` (`rolid`),
  ADD KEY `moduloid` (`moduloid`);

--
-- Indices de la tabla `persona`
--
ALTER TABLE `persona`
  ADD PRIMARY KEY (`idpersona`),
  ADD KEY `rolid` (`rolid`);

--
-- Indices de la tabla `rol`
--
ALTER TABLE `rol`
  ADD PRIMARY KEY (`idrol`);

--
-- AUTO_INCREMENT de las tablas volcadas
--

--
-- AUTO_INCREMENT de la tabla `categoria`
--
ALTER TABLE `categoria`
  MODIFY `idcategoria` bigint(20) NOT NULL AUTO_INCREMENT;

--
-- AUTO_INCREMENT de la tabla `modulo`
--
ALTER TABLE `modulo`
  MODIFY `idmodulo` bigint(20) NOT NULL AUTO_INCREMENT, AUTO_INCREMENT=6;

--
-- AUTO_INCREMENT de la tabla `permisos`
--
ALTER TABLE `permisos`
  MODIFY `idpermiso` bigint(20) NOT NULL AUTO_INCREMENT, AUTO_INCREMENT=81;

--
-- AUTO_INCREMENT de la tabla `persona`
--
ALTER TABLE `persona`
  MODIFY `idpersona` bigint(20) NOT NULL AUTO_INCREMENT, AUTO_INCREMENT=7;

--
-- AUTO_INCREMENT de la tabla `rol`
--
ALTER TABLE `rol`
  MODIFY `idrol` bigint(20) NOT NULL AUTO_INCREMENT, AUTO_INCREMENT=11;

--
-- Restricciones para tablas volcadas
--

--
-- Filtros para la tabla `permisos`
--
ALTER TABLE `permisos`
  ADD CONSTRAINT `permisos_ibfk_1` FOREIGN KEY (`rolid`) REFERENCES `rol` (`idrol`) ON DELETE CASCADE ON UPDATE CASCADE,
  ADD CONSTRAINT `permisos_ibfk_2` FOREIGN KEY (`moduloid`) REFERENCES `modulo` (`idmodulo`) ON DELETE CASCADE ON UPDATE CASCADE;

--
-- Filtros para la tabla `persona`
--
ALTER TABLE `persona`
  ADD CONSTRAINT `persona_ibfk_1` FOREIGN KEY (`rolid`) REFERENCES `rol` (`idrol`) ON DELETE CASCADE ON UPDATE CASCADE;
COMMIT;

/*!40101 SET CHARACTER_SET_CLIENT=@OLD_CHARACTER_SET_CLIENT */;
/*!40101 SET CHARACTER_SET_RESULTS=@OLD_CHARACTER_SET_RESULTS */;
/*!40101 SET COLLATION_CONNECTION=@OLD_COLLATION_CONNECTION */;
